{"cameraMode":{"drawMode":0,"name":"Shaded","section":"Shading Mode"},"sceneLighting":true,"audioPlay":false,"sceneViewState":{"showFog":true,"showMaterialUpdate":false,"showSkybox":true,"showFlares":true,"showImageEffects":true,"showParticleSystems":true},"in2DMode":false,"pivot":{"x":2.3478403091430666,"y":9.636916160583496,"z":-1.408855676651001},"rotation":{"x":-0.01642218418419361,"y":0.9496403932571411,"z":0.04858078807592392,"w":0.3096960186958313},"size":4.4676408767700199,"orthographic":false}